{"cameraMode":{"drawMode":0,"name":"Shaded","section":"Shading Mode"},"sceneLighting":false,"audioPlay":false,"sceneViewState":{"m_AlwaysRefresh":false,"showFog":true,"showSkybox":false,"showFlares":true,"showImageEffects":true,"showParticleSystems":true,"showVisualEffectGraphs":true,"m_FxEnabled":true},"in2DMode":false,"pivot":{"x":0.09064299613237381,"y":-0.1352797895669937,"z":-1.0011337995529175},"rotation":{"x":0.0014072356279939414,"y":0.996574878692627,"z":-0.08089981228113175,"w":0.017340384423732759},"size":0.6643596291542053,"orthographic":false}