{"cameraMode":{"drawMode":0,"name":"Shaded","section":"Shading Mode"},"sceneLighting":false,"audioPlay":false,"sceneViewState":{"m_AlwaysRefresh":false,"showFog":true,"showSkybox":false,"showFlares":true,"showImageEffects":true,"showParticleSystems":true,"showVisualEffectGraphs":true,"m_FxEnabled":true},"in2DMode":false,"pivot":{"x":-3.9414877891540529,"y":5.126256465911865,"z":-3.3225080966949465},"rotation":{"x":0.030907128006219865,"y":0.9301796555519104,"z":-0.08056600391864777,"w":0.3568246364593506},"size":2.6568338871002199,"orthographic":false}